RECRUITED_PERCENTAGE_LESS_THAN;ڧY$VAL$W%ʿѱļ\n;;;;;;;;;;X
RECRUITED_PERCENTAGE_MORE_THAN;٧Y$VAL$W%ʿѱļ\n;;;;;;;;;;X
SEPARATISM_TECH;;;;;;;;;;;X
INC_RES_TECH;о;;;;;;;;;;X
TOTAL_POPS_NOT_TR;$WHERE$ȺڧY$VAL$W\n;;;;;;;;;;X
TOTAL_POPS_TR;$WHERE$ȺڧY$VAL$W\n;;;;;;;;;;X
IS_CRIME_NOT_HIGHER_THAN_EDU_TR;ڧY֧Wľѳ֧\n;;;;;;;;;;X
IS_CRIME_HIGHER_THAN_EDU_TR;ڧY֧Wľѳ˽֧\n;;;;;;;;;;X
ANY_AT_WAR_STARTS;ս״̬Ĺ;;;;;;;;;;X
REBEL_POWER_LESS_THAN;ΣյڧY$VAL$%W;;;;;;;;;;X
REBEL_POWER_MORE_THAN;ΣոڧY$VAL$%W;;;;;;;;;;X
POP_TYPE_PERC_NOT;$NAME$ڧY$VAL$%W\n;;;;;;;;;;X
POP_TYPE_PERC;$NAME$ڧY$VAL$%W\n;;;;;;;;;;X
MAJORITY_IS;;;;;;;;;;;X
MAJORITY_IS_NOT;ڲ;;;;;;;;;;X
ICL;;;;;;;;;;;X
ICL_ADJ;;;;;;;;;;;X
ISR;ɫ;;;;;;;;;;X
ISR_ADJ;ɫе;;;;;;;;;;X
BYZ;ռͥ;;;;;;;;;;X
BYZ_ADJ;ռͥ;;;;;;;;;;X
BYZ_conservative;;;;;;;;;;;X
BYZ_reactionary;а;;;;;;;;;;X
BYZ_liberal;ɵ;;;;;;;;;;X
BYZ_anarcho_liberal;µ;;;;;;;;;;X
BYZ_socialist;ռͥᵳ;;;;;;;;;;X
BYZ_communist;ռͥ;;;;;;;;;;X
BYZ_fascist;˵;;;;;;;;;;X
ISR_conservative;;;;;;;;;;;X
ISR_reactionary;ڽ;;;;;;;;;;X
ISR_liberal;;;;;;;;;;;X
ISR_anarcho_liberal;ͨ;;;;;;;;;;X
ISR_socialist;ɫй˵;;;;;;;;;;X
ISR_communist;ɫй;;;;;;;;;;X
ISR_fascist;ǿ;;;;;;;;;;X
ICL_conservative;;;;;;;;;;;X
ICL_reactionary;;;;;;;;;;;X
ICL_liberal;;;;;;;;;;;X
ICL_anarcho_liberal;;;;;;;;;;;X
ICL_socialist;;;;;;;;;;;X
ICL_communist;;;;;;;;;;;X
ICL_fascist;嵳;;;;;;;;;;X
ANY_CORE_LIMITED;ֺʡ\n;;;;;;;;;;X
ANY_CORE_NORMAL;кʡ\n;;;;;;;;;;X
POLITICS_NOT_BEFORE;ڧY$DATE$W֮ǰܸıִ;;;;;;;;;;X
POLITICS_NOT_ACCEPTED;ǵ岻Y$WHICH$W;;;;;;;;;;X
RELEASE_PRESTIGE;;;;;;;;;;;X
RELEASE_INFAMY;;;;;;;;;;;X
PROV3247;;;;;;;;;;;X
PROV3248;׺Ͽ;;;;;;;;;;X
EVTDESC1002;һȺɶȱپɸо죬ټĸͣͣ齨$COUNTRY_ADJ$˼ǰɣǻԥʹһбҪֶ$COUNTRY$ʵ˼ɺóɡ;;;;;;;;;;X
SOMEONE_HAS_ADDED_STATUS_QUO;һĳ˧Yά״WսĿ꣬޷սĿ;;;;;;;;;;X
NO_INTERVENTION_NOT_ENOUGH_OPINION;ҪһսĿҶǵҪﵽY$REQLEVEL$W;;;;;;;;;;X
peking_convention_title;жԼ;;;;;;;;;;X
peking_convention_desc;ǩ᲼Լ1689˹۹϶ɺӺ˰ɽǶ˹й֮Ȼ߽硣19ڣΧ߽磬ȡ˰ɽͰ¶һءҺй˵ڶѻƬսյйʵ۵Ĺ뱱һзĽƻٽƭйˣֻж˹ֲ֧ſ뱱ǩԼάԼռأԼｭ̫ƽ֮ظˣ˹ѾһǹһԼ35ƽ;;;;;;;;;;X
russian_vladivostok_title;;;;;;;;;;;X
russian_vladivostok_desc;18607£һʱ߾ĳ--˹пˣ򡰶ߡΪһҪó׿ڰͬʱҲһ촬ءգΪһ޼·ŦԼҪĿѧĻ͹ҵġɳŦнΪ붫Ľڵ㡣·ӵķ˹пսȡʿ˺еԭת;;;;;;;;;;X
EVTNAME80000;Լ;;;;;;;;;;X
EVTDESC80000;˹ѾҪǳǶǵĹռ졣˲̵ģǿûа취ֻܽǵҪǽȷǵȨ⣬˹⣬ǿ޷սʤǵġ;;;;;;;;;;X
EVTOPTA80000;ǱѡǩԼ;;;;;;;;;;X
EVTOPTB80000;ȥɣɳʣ;;;;;;;;;;X
EVTNAME80001;йܾԼ;;;;;;;;;;X
EVTDESC80001;йԸǵĳбҲԸͬǵҪ󡣿ҪӦһǵڹˡ;;;;;;;;;;X
EVTOPTA80001;˹һ𣬾Ͳή£;;;;;;;;;;X
OL_SIEGES;Χ;;;;;;;;;;X
IS_NOT_BIG_PROD_TRIG;ǧY$VAL$WĴģ\n;;;;;;;;;;X
IS_BIG_PROD_TRIG;ǧY$VAL$WĴģ\n;;;;;;;;;;X
HAVE_LOWER_RANK_THAN;ȼ;;;;;;;;;;X
HAVE_HIGHER_RANK_THAN;ȼ;;;;;;;;;;X
MUST_NEGOTIATE_WITH_WAR_LEADER_STATUS_QUO;սĿ꣬з˧Yά״WսĿʱǱзYսWЭ;;;;;;;;;;X
law_of_guarantees_title;Ϸ;;;;;;;;;;X
law_of_guarantees_desc;1870ּͨڽ⡱һɡϷLaw of GuaranteesһƹȨǲͽӼʹڱӻܾܣΪַļڽ͢ĶԡȻһֱ1929ġԼų׽ζڿԶ;;;;;;;;;;X
form_byzantine_empire_title;֮;;;;;;;;;;X
form_byzantine_empire_desc;Űռͥ۹ı۹ˡ1453꿪ʼǶλҰʷΪȥʿ̹˵ĳڱռ˺ܳһʱ֮ٴλصϣʱת׺ɣ۹;;;;;;;;;;X
form_israel_title;;;;;;;;;;;X
form_israel_desc;µ޳ڰ˹̹һ̫˵ļ԰ŬٽĿʵ֡\n\nǶס̫ĹϵķصʩشӰڿԷʾǶԽһ̫԰뷨̬ȡ;;;;;;;;;;X
BYZ_absolute_monarchy;ռͥ۹;;;;;;;;;;X
BYZ_proletarian_dictatorship;ɫ;;;;;;;;;;X
BAB;ͱ;;;;;;;;;;X
BAB_ADJ;ͱ׵;;;;;;;;;;X
BAB_conservative;䵳;;;;;;;;;;X
BAB_liberal;л԰;;;;;;;;;;X
BAB_reactionary;֮;;;;;;;;;;X
BAB_communist;-;;;;;;;;;;X
BAB_anarcho_liberal;;;;;;;;;;;X
BAB_socialist;;;;;;;;;;;X
BAB_fascist;ͱ;;;;;;;;;;X
build_the_tower_of_babylon_title;ͱ;;;;;;;;;;X
build_the_tower_of_babylon_desc;ڹȥǧֵԺĽĿûʲôչչϵĵλһЩԡЩѾ⡭ͱĿٴˣʹִĻ漣ܲʵأ;;;;;;;;;;X
EVTNAME4430;ĸѹ;;;;;;;;;;X
EVTDESC4430;ҰҪǸıԼĿ\nʺֶ\n\n$COUNTRY$ÿ£ԽԽʵĳʼԺԱǲǱ¿ˡԺΪӦΪвϢθĸ;ٴּеΣҪ¹ûĳ³̣Աи㷺Ĵԡ;;;;;;;;;;X
EVTOPTA4430;ѹʲô쳤Хɣ;;;;;;;;;;X
EVTOPTB4430;ΪɶǲԼһ᣿;;;;;;;;;;X
#ADM_DESC;Spendingonadministrationallowsyourbureaucratstorunandmaintainahealthybureaucracy,increasingyouradministrativeefficiency.Havingalowadministrativeefficiencymeansthatyoueffectivelypaymorewheneverthegovernmentspendsmoney.Thebasepricesforallgovernmentspendingsarealwaysincreasedbytheinverseofyouradministrativeefficiencytodetermineactualcost.;;;;;;;;;;X
RELEASE_PLAY_AS;ԽϷ;;;;;;;;;;X
EGY_921;˹̹;;;;;;;;;;X
raise_the_bonnie_blue_flag_title;죡;;;;;;;;;;X
raise_the_bonnie_blue_flag_desc;꣡꣡\nΪϷȨǰ\nмĺǣ\n\n족ϾĵһǹٷģҲһܻӭ1861ϾĽ֣߹ʮֳġ죬ʿǾۼǵ֮°ɡ;;;;;;;;;;X
the_bonnie_blue_flag;;;;;;;;;;;X
the_bonnie_blue_flag_desc;װʤ;;;;;;;;;;X
trinket_wage;͹;;;;;;;;;;X
tut_2b_15;蹤ȡƶȡԣڡɷΡеĹʱ衣ڱʱǰ£ʱҶԽ蹤ĹǷչǾõѷʽǰȥʱ¡ġ蹤ť;;;;;;;;;;X
webster_ashburton_treaty_title;Τ˹ء𲮶Լ;;;;;;;;;;X
webster_ashburton_treaty_desc;ڲսİ³˹ͼս1842ӢǩΤ˹ء𲮶ԼWebster-Ashburton Treatyջݺ²ʡ֮ı߽磬涨ιͬʹõ⣬49γ߽߱磬鹲ͬŵūóס;;;;;;;;;;X
SPA_2209;Ű;;;;;;;;;;X
ENG_203;ձȺ;;;;;;;;;;X
PV_CLERGY_LIT_PROVIDES;ְԱṩ$VAL$;;;;;;;;;;X
PV_CLERGY_LIT_NUM;˿$NUM$ְԱΪ$OPT$$VAL$;;;;;;;;;;X
PV_CLERGY_SETTING;֧Ϊ$SETTING$$VAL$;;;;;;;;;;X
PV_CLERGY_TECH;ԿƼ$VAL$;;;;;;;;;;X
EVTNAME13357;ʧȨ;;;;;;;;;;X
EVTDESC13357;ʧȨDoctrine of LapseһӢӡӢߣ涨ֱϵ̳λ򱻷ǡԲְ£ֱ붫ӡȹ˾ͳ֮¡ʷϱ̲һЩɣͶ ǸֶռͰߵµȵءҹĿǰ״ӡȹ˾ĹԱȨʧЧ;;;;;;;;;;X
EVTOPTA13357;Ҫ;;;;;;;;;;X
EVTNAME13358;ʧȨ;;;;;;;;;;X
EVTDESC13358;ʧȨDoctrine of LapseһӢӡӢߣ涨ֱϵ̳λ򱻷ǡԲְ£ֱ붫ӡȹ˾ͳ֮¡ʷϱ̲һЩɣͶ ǸֶռͰߵµȵأ̲ߵ³Ϊ1857ӡȱĵ֮һ$FROMCOUNTRY$ıҾأӡȹ˾ùʧЧ;;;;;;;;;;X
EVTOPTA13358;ǳã;;;;;;;;;;X
EVTOPTB13358;ʳ֮ζ֮ϧ;;;;;;;;;;X
RUS_absolute_monarchy;˹۹;;;;;;;;;;X
RUS_prussian_constitutionalism;˹۹;;;;;;;;;;X
ENG_absolute_monarchy;Ӣ۹;;;;;;;;;;X
ENG_prussian_constitutionalism;Ӣ۹;;;;;;;;;;X
GER_absolute_monarchy;־۹;;;;;;;;;;X
GER_prussian_constitutionalism;־۹;;;;;;;;;;X
the_vega_expedition_title;֯ŮԶ;;;;;;;;;;X
the_vega_expedition_desc;1878-1880갢ŵоAdolf Erik Nordenskioldܵ˹ΪһŷǴ½̽յˡܱҶѾ֤ʵ˶ͨĴڣǵһȫ̵ˡ1880꣬˹¸Ħܵеӭ;;;;;;;;;;X
ENG_2068;ޱ;;;;;;;;;;X
rhodesia_charter_title;еϷǹ˾;;;;;;;;;;X
rhodesia_charter_desc;˾1889ɿҵͷȻûʼ״ù˾ǷӢӡȹ˾ģĿǴٽϲ޵ĽһǰõΪޱһֳͬʱԡ޵ǡ֮Ϊ֪õĿٽӢ档;;;;;;;;;;X
TUR_proletarian_dictatorship;;;;;;;;;;;X
GER_2530;¼;;;;;;;;;;X
AST_2528;¼;;;;;;;;;;X
kaiser_wilhelms_land_title;ʵ;;;;;;;;;;X
kaiser_wilhelms_land_desc;ʵءǵ¹˸¼Ƕ֣ͬ˹Ⱥ̫ƽ칹¼ǵĵ¹ֳءһսڼĴǾռù˵ίͳȨֱ1975ꡣ;;;;;;;;;;X
megali_idea_title;ΰ;;;;;;;;;;X
megali_idea_desc;ΰ루Megali ideaָϣͳһ˼롣Ϊָռͥ۹һԾʿ̹˹̹Ϊ׶ŵΪĵĴϣҡһ˼ʮϣڰ˹۹һ֮ʱʼȷڵһսʱǩԼмѾʵܸ֡ԼϣôҲϣ֮19191921սǶƣ;;;;;;;;;;X
DIFFICULTY_LABEL;Ѷ;;;;;;;;;;X
expand_motala_verkstad_title;;;;;;;;;;;X
expand_motala_verkstad_desc;Motala VerkstadɰͶ졤롤أBaltazar von Platen1822ꡣ18431870꣬Ϊй֪ȵĹҵ֮һշɵС˵ᵽΪС˵鹹ġݡǱͧ;;;;;;;;;;X
motala_verkstad;;;;;;;;;;;X
desc_motala_verkstad;Motala VerkstadɰͶ졤롤أBaltazar von Platen1822ꡣ18431870꣬Ϊй֪ȵĹҵ֮һ;;;;;;;;;;X
court_yard_speech_title;͢Σ;;;;;;;;;;X
court_yard_speech_desc;͢ΣCourtyard CrisisBorggardskrisenһΣʱ齨ɵĿ˹191426գ˹ͦӹ֧ļĵ˵ԼȺڴȫǰ֧֡һΥͳνиʥԭ;;;;;;;;;;X
international_negotiations;ѹ;;;;;;;;;;X
desc_international_negotiations;һܵйعҵĹѹ;;;;;;;;;;X
EVTNAME23300;ؾŪֻ;;;;;;;;;;X
EVTDESC23300;һǵ$YEAR$꺣Ϸһġصġ޷͵Ĺ¡´ǰЩںһȻһܳ壬״Ĵʱ׹⣬Ⱦö࣬жҲȾöࡣ\n\nȥһм̴ںʧ٣ⱻΪһδ֪ľ޴¡ѧұ˰˹Ըѧ̽նһڴеĹ⣬˵мҲڼƻ֯Լ̽նȥ̽Ѱš;;;;;;;;;;X
EVTOPTA23300;һԹв뻭ֹ;;;;;;;;;;X
EVTOPTB23300;ͯĹ°ɣûȤ;;;;;;;;;;X
EVTNAME23301;ؾŪֻ;;;;;;;;;;X
EVTDESC23301;һǵ$YEAR$꺣Ϸһġصġ޷͵Ĺ¡´ǰЩںһȻһܳ壬״Ĵʱ׹⣬Ⱦö࣬жҲȾöࡣ\n\nȥһм̴ںʧ٣ⱻΪһδ֪ľ޴¡˵мڵ£ǲǻҲӦɳһ֧Լ̽նӣ;;;;;;;;;;X
EVTOPTA23301;һԹв뻭ֹ;;;;;;;;;;X
EVTOPTB23301;ͯĹ°ɣûȤ;;;;;;;;;;X
EVTNAME23302;˹ڱϰ;;;;;;;;;;X
EVTDESC23302;ѧұ˰˹$COUNTRY$ĺ̲λѾʧкһʱˣһ֧̽նӣͼصĿɹֻľ㱳ࡣλԼľĹȷʵ򵥡˹ĴֻͲһν嵽⣬ȻֲʵһҿԺ׺еബֻ˹ڼǴĴһλȰɵʿϾͬ½ϵںɵʵΣ˹ϸ¼ʽ˵ΪͲμҹִһκʱϵģ⽫δĿѧҵ档;;;;;;;;;;X
EVTOPTA23302;߱ܳͣ;;;;;;;;;;X
italia_irredenta_title;;;;;;;;;;;X
italia_irredenta_desc;ͳһ˶ĿѾеӼ˾˾סأҲζµ;;;;;;;;;;X
the_heligoland_question_title;ڶ;;;;;;;;;;X
the_heligoland_question_desc;СĿǰӢսʱռС¹ͳһͶߣϾϵĴǵ־ˡ;;;;;;;;;;X
miskatonic_university_title;˹˴ѧ;;;;;;;;;;X
miskatonic_university_desc;İ˹һڰе˹˺ӣӱǷ羰İķ˹˴ѧУ԰ڴˡ˹˴ѧӢʢĸߵȽ֮һԴڹŴѧĶزǡ˵С֮顷ĲƬϣķ롤ȵȨƷ顷ԭʼЩ˹˴ѧУ֮;;;;;;;;;;X
miskatonic_campus;˹˴ѧ;;;;;;;;;;X
desc_miskatonic_campus;ѧ;;;;;;;;;;X
construct_the_walhalla_title;߶;;;;;;;;;;X
construct_the_walhalla_desc;߶18301842֮ڰͷǵ׸˹޽һãһ觺ӵ¹ŵ·άϣһϣӰ˹նʷϵ;;;;;;;;;;X
the_walhalla;߶;;;;;;;;;;X
desc_the_walhalla;߶Ӱ˹նʷϵ;;;;;;;;;;X
introduce_the_presbyteries_title;ʵг;;;;;;;;;;X
introduce_the_presbyteries_desc;1848꣬ŵͨʵгԼ·»ҽ̻ǿڵĴȨƶȽһѡٳĽ̻̻;;;;;;;;;;X
build_gotthard_tunnel_title;ʥ;;;;;;;;;;X
build_gotthard_tunnel_desc;ʥ·Gotthard Rail Tunnel1871굽1881֮䣬ӸۣGoschenen밬壨AiroloʥǵһԽʥɽڵڵʱΪһִƼʵֵĽɾ͡;;;;;;;;;;X
the_lambert_charter_title;³;;;;;;;;;;X
the_lambert_charter_desc;³һݱΪԼͼ̲ĵ˹Ӷ绤ļļɴСڷӰµ˹λ̳ǩ𣬸跨ҿɿȻԴȨΪر˹ӻ10%ɡ;;;;;;;;;;X
end_the_merina_monarchy_title;ս÷;;;;;;;;;;X
end_the_merina_monarchy_desc;1897һɧҺ󣬳ڰ˹ΪԼΧķʽ̲;;;;;;;;;;X
REVOLTALLIANCE_SETUP;һڸ˺ҹԼ;;;;;;;;;;X
REVOLTALLIANCE_HEADER;౨;;;;;;;;;;X
REVOLTALLIANCE_1;;;;;;;;;;;X
REVOLTALLIANCE_2;$MONARCHTITLE$;;;;;;;;;;X
REVOLTALLIANCE_3;Y$ACTOR$W;;;;;;;;;;X
REVOLTALLIANCE_4;˸;;;;;;;;;;X
REVOLTALLIANCE_5;ҹԼѱ˺٣ͬʱǶǵӰҲˡ;;;;;;;;;;X
REVOLTALLIANCE_6;*;;;;;;;;;;X
REVOLTALLIANCE_BTN1;õ;;;;;;;;;;X
REVOLTALLIANCE_BTN2;õ;;;;;;;;;;X
REVOLTALLIANCE_BTN3;鿴;;;;;;;;;;X
RHO;޵;;;;;;;;;;X
RHO_proletarian_dictatorship;ͲΤ;;;;;;;;;;X
RHO_absolute_monarchy;޵;;;;;;;;;;X
RHO_hms_government;޵;;;;;;;;;;X
RHO_ADJ;޵ǵ;;;;;;;;;;X
RHO_conservative;޵ǵ;;;;;;;;;;X
RHO_liberal;;;;;;;;;;;X
RHO_reactionary;޵;;;;;;;;;;X
RHO_socialist;ͲΤ޹;;;;;;;;;;X
RHO_communist;ͲΤ;;;;;;;;;;X
RHO_anarcho_liberal;;;;;;;;;;;X
RHO_fascist;۵;;;;;;;;;;X
EGY_1842;;;;;;;;;;;X
EGY_1838;ƶෲ;;;;;;;;;;X
EGY_915;;;;;;;;;;;X
CHI_2562;̨;;;;;;;;;;X
BEL_1977;¸չ;;;;;;;;;;X
BEL_1987;ӵ;;;;;;;;;;X
BEL_1990;չ;;;;;;;;;;X
BEL_1984;;;;;;;;;;;X
POR_1999;;;;;;;;;;;X
ENG_1956;Ͽ¡;;;;;;;;;;X
ENG_1960;¡;;;;;;;;;;X
ENG_1868;;;;;;;;;;;X
ENG_2026;ѹ;;;;;;;;;;X
ENG_2024;;;;;;;;;;;X
ENG_2019;ڸɴ;;;;;;;;;;X
TRN_2108;ʿ;;;;;;;;;;X
POR_2060;Īɣȿ;;;;;;;;;;X
FRA_1884;;;;;;;;;;;X
FRA_1813;ն;;;;;;;;;;X
FRA_1892;;;;;;;;;;;X
FRA_1893;;;;;;;;;;;X
FRA_1788;Ա;;;;;;;;;;X
FRA_1783;ڼӶ;;;;;;;;;;X
FRA_1775;ëǺ;;;;;;;;;;X
MOR_1696;Ħ;;;;;;;;;;X
POR_2003;ϰ;;;;;;;;;;X
POR_2006;;;;;;;;;;;X
ALD_1718;;;;;;;;;;;X
ALD_1714;;;;;;;;;;;X
TRI_1739;ɳĮ;;;;;;;;;;X
EGY_1754;Ǻ;;;;;;;;;;X
FRA_1780;ë;;;;;;;;;;X
ORA_2103;ɰ;;;;;;;;;;X
ENG_2092;;;;;;;;;;;X
ENG_2083;;;;;;;;;;;X
ENG_2096;;;;;;;;;;;X
ENG_2087;ֳ;;;;;;;;;;X
BEL_1992;;;;;;;;;;;X
FRA_1978;չ;;;;;;;;;;X
CNG;չ;;;;;;;;;;X
CNG_absolute_monarchy;չɰ;;;;;;;;;;X
CNG_presidential_dictatorship;;;;;;;;;;;X
CNG_hms_government;չ;;;;;;;;;;X
CNG_democracy;;;;;;;;;;;X
CNG_ADJ;չ;;;;;;;;;;X
the_congo_conference_title;ٰչ;;;;;;;;;;X
the_congo_conference_desc;չҲΪֻ顱һ1884ɵ¹С롤˹Ĺʻ顣λġܾ飨General ActֱӽǶڷֳʱĹ淶ʽͬʱȷ˸չɰǱʱ²¶˽вƲεֽʲôأչ飬˵ӿʼתͨļºǽ롣;;;;;;;;;;X
EVTNAME19330;$CAPITAL$;;;;;;;;;;X
EVTDESC19330;Ҳʧȥһηֵһ޴󵰸ĺûᡣ\nʱ²¶\n\nһξֳߵĴ͹ʻѾ$COUNTRY$Ԥһʱˣ$MONARCHTITLE$׼Һȫйظ롣̸ϵҪȷνչ⡣һμӹ뿪չֳصרȨǿûֳصĹԼѾڸչƵĹҽ̸еõȿǡ;;;;;;;;;;X
EVTOPTA19330;̫ˣ롣;;;;;;;;;;X
EVTOPTB19330;Ҿûûá;;;;;;;;;;X
EVTNAME19335;չ;;;;;;;;;;X
EVTDESC19335;$MONARCHTITLE$$FROMCOUNTRY$ھһ͹ʻνһֳ޵뷽ʽҪ⽫νչ⣬ܵĺϿĳһμӹȫչΪءȻϵĴҶɳŲμӻ飬ɳŸǴǱֵܶǴŵĻѡ;;;;;;;;;;X
EVTOPTA19335;Ҳʧȥһηֵһ޴󵰸ĺûᣡ;;;;;;;;;;X
EVTOPTB19335;ҲΪһҪֵǹע;;;;;;;;;;X
EVTNAME19340;չɰ;;;;;;;;;;X
EVTDESC19340;չɰһ֣ûʲôģûʲôܣκˣĴ⡣\nʱ²¶\n\nٿһʱĸչڸչϴһ顣ڽ칫ġܾ飨General Act׼$COUNTRY$ͳΡֳչȨȻ$COUNTRY$ͳθչɰʽǹһҡɽٽ͸չó׹ϵԼȫоչľǱ;;;;;;;;;;X
EVTOPTA19340;ޣգ;;;;;;;;;;X
CNG_liberal;ɵ;;;;;;;;;;X
CNG_conservative;ص;;;;;;;;;;X
CNG_socialist;ᵳ;;;;;;;;;;X
CNG_communist;;;;;;;;;;;X
CNG_reactionary;;;;;;;;;;;X
CNG_fascist;˹;;;;;;;;;;X
CNG_anarcho_liberal;;;;;;;;;;;X
EVTNAME70000;$STATE$ѻñλ;;;;;;;;;;X
EVTNAME70001;$STATE$ѻñλ;;;;;;;;;;X
IS_SECONDARY_NATION;Ǵǿ;;;;;;;;;;X
IS_NOT_SECONDARY_NATION;Ǵǿ;;;;;;;;;;X
SET_PRIMARY_CULTURE;Y$CULTURE$WΪ\n;;;;;;;;;;X
CB_ASSERT_HEGEMONY;쵼Ȩ\n;;;;;;;;;;X
unification_humiliate_cb_setup;ʹһǿڱĻȦ쵼Ȩ;;;;;;;;;;X
unification_humiliate_cb_desc;ʹһǿڱĻȦ쵼ȨͬʱùɥʧԱĻȦйҵӰ;;;;;;;;;;X
EVTNAME19345;չ𽺣;;;;;;;;;;X
EVTDESC19345;չصǷֵģʺֲȻ𽺡ɱǣƬش󲿷ֳ˯ţûб̽ʹãҰ˺С$COUNTRY$ǿľֻϣõһչͿչɰɫ۱ȻƸĻᣬңҲһЩΣյźš˵أ£;;;;;;;;;;X
EVTOPTA19345;ȷǻæģ;;;;;;;;;;X
EVTOPTB19345;ǴӶᡣ;;;;;;;;;;X
EVTNAME19350;չĸЭ;;;;;;;;;;X
EVTDESC19350;ȥһЩĿҷڸչɰĶ$COUNTRY_ADJ$ֳسŰоݱ棬㷺ıСɱΪֳѹĹߣЩ濪ʼ$COUNTRY_ADJ$ֳ߷һܲʵλáһΪչĸЭᡱĹ֯Ѿ֯ĿҪָ$COUNTRY$ֳس˸ϡһЩҺ͹˵Ϊ¶ߡ;;;;;;;;;;X
EVTOPTA19350;;;;;;;;;;;X
annex_the_congo_title;̲չ;;;;;;;;;;X
annex_the_congo_desc;չɰѾĹѹɰΪǹ˽˲ƲܵѪȵֳߵĹ㷺ֽ׶ѵѡҲ̲ɰĸʩ;;;;;;;;;;X
the_congo_reform_association;չĸЭ;;;;;;;;;;X
the_congo_refrom_association_desc;һ˵֯ڽҷڸչֳߡ;;;;;;;;;;X
MODIFIER_BADBOY;;;;;;;;;;;X
rename_the_congo_title;̽չ;;;;;;;;;;X
rename_the_congo_desc;ڸչɰ׼Ϊ²¶˽˲Ʋڶ̽Ե÷ǳӡҲûˣ;;;;;;;;;;X
PROV2049;˹;;;;;;;;;;X
brazzas_expedition_title;Զ;;;;;;;;;;X
brazzas_expedition_desc;̽ռƤ᰺¡197080̽˸չ˷ֳзǺ͸չҰĴšչĲάġ;;;;;;;;;;X
USA_prussian_constitutionalism;;;;;;;;;;;X
von_moltkes_staff_reforms_title;롤ëĸ;;;;;;;;;;X
von_moltkes_staff_reforms_desc;նء롤ë1857걻ָΪ³ʿܲıܲıþͿʼָĸһЩһоʷͽдսģݣٽһⲿڶԵ籨·бĿоθĸĽǣշսʱ³ʿܲıΪȫŷЧģһЩܿͱ㷺ѧϰʹáë30ʼ³ʿܲıҲΪ19ܳľսԼ֮һ;;;;;;;;;;X
prussian_general_staff;³ʿܲı;;;;;;;;;;X
desc_prussian_general_staff;³ʿܲıŷЧʵģҳ׷;;;;;;;;;;X
kanun_i_esasi_title;;;;;;;;;;;X
kanun_i_esasi_desc;1876ͨġKanun-i-EasasiһΪ˹۹һܷĳԡܻڱ-׵¶յϳǰʵʩ꣬ȻǺ˹չҪ;;;;;;;;;;X
the_ruhr_boom_title;³ʽչ;;;;;;;;;;X
the_ruhr_boom_desc;³ǲBergˣMarkͿ˹ClevesЩһ֣ı仯졣ÿһµĿӡ󾮺ֲ֧չ³ʿ·úӢĹҵ󣬹ð˳³ӿ׵ƹ㵽¹ֻ֣Ҫһơ;;;;;;;;;;X
ruhr_boom;³ʽչ;;;;;;;;;;X
desc_ruhr_boom;³ҵӹȫ³ͨչִҵġ;;;;;;;;;;X
support_ruhr_industrialism_title;ֿ֧²;;;;;;;;;;X
DIPLOMACY_NO_ALLIES_CIVIL_WAR;޷ټ˹ս;;;;;;;;;;X
the_rhine_crisis_title;;;;;;;;;;;X
the_rhine_crisis_desc;»ŷްͼʱӵ󰶱뷨ͼ1840귨ఢҲȻǷȻĶ߹硣ЩսĿȻµʱ˵־ڵɧΪ֪ġΣ;;;;;;;;;;X
build_the_eiffel_tower_title;찣ƶ;;;;;;;;;;X
build_the_eiffel_tower_desc;ƶԭǱ1889ڹŵģǰͷò˥ı־Է֮һԴʦ˹򡤰ƶ1930ŦԼеĿ˹մý֮ǰƶߵ콨;;;;;;;;;;X
the_eiffel_tower;ƶ;;;;;;;;;;X
desc_eiffel_tower;ȫ綼þη۹⿴Űƶĺΰĸ;;;;;;;;;;X
confiscations_of_mendizabal_title;ŵ߶乫;;;;;;;;;;X
confiscations_of_mendizabal_desc;ŵ߶Ľ̻乫The Ecclesiastical Confiscations of Mendizabal 1835-37ͨһϵзּպ˽л޵ԺƲǿ˹սڼ䷴ȨֻĲ޵Ժķ;;;;;;;;;;X
haussmanns_renovations_title;˹ĸƻ;;;;;;;;;;X
haussmanns_renovations_desc;1852굽1870ʵʩİ˹ƻһּڶ԰ִĹ̡̿ʼڰпٷչʱʱľѾ֤޷ﵽչгеĻʩڰ˹֧½ֳֿӴ˳Ϊֵֵɫ;;;;;;;;;;X
SM_COUNTERDISTANCE;ͼʾ;;;;;;;;;;X
OL_GP_INFLUENCE;Ӱ;;;;;;;;;;X
OL_VIEW_GP_INFLUENCE;YӰW;;;;;;;;;;X
CB_EXPIRE_DATE;ʱ䣺Y$DATE$W;;;;;;;;;;X
BUDGET_CANT_LOAN_DESC;ֻ֧ϢͲǵйʱŻ㡣гڰȫԭͨ㳬ʽ$MAXLOAN$;;;;;;;;;;X
MUST_NEGOTIATE_WITH_WAR_LEADER_STATUS_QUO_OUR_SIDE;޷зYսW̸УսĿĶǵս˧Yά״WսĿ;;;;;;;;;;X
witwatersrand_gold_rush;˹Խ;;;;;;;;;;X
desc_witwatersrand_gold_rush;˹µһԽʹǾ;;;;;;;;;;X
ENG_bourgeois_dictatorship;еǹ͹;;;;;;;;;;X
DIPLOMACY_CANNOT_SET_PRIO_TRUCE;޷ӰǴսЭĹ;;;;;;;;;;X
MEX_absolute_monarchy;ī۹;;;;;;;;;;X
MEX_prussian_constitutionalism;ī۹;;;;;;;;;;X
MEX_hms_government;ī۹;;;;;;;;;;X
